[

  {
    "abilities": "['Blaze', 'Solar Power']",
    "against_bug": 0.5,
    "against_dark": 1,
    "against_dragon": 1,
    "against_electric": 1,
    "against_fairy": 0.5,
    "against_fight": 1,
    "against_fire": 0.5,
    "against_flying": 1,
    "against_ghost": 1,
    "against_grass": 0.5,
    "against_ground": 2,
    "against_ice": 0.5,
    "against_normal": 1,
    "against_poison": 1,
    "against_psychic": 1,
    "against_rock": 2,
    "against_steel": 0.5,
    "against_water": 2,
    "attack": 52,
    "base_egg_steps": 5120,
    "base_happiness": 70,
    "base_total": 309,
    "capture_rate": 45,
    "classfication": "Lizard Pokémon",
    "defense": 43,
    "experience_growth": 1059860,
    "height_m": 0.6,
    "hp": 39,
    "japanese_name": "Hitokageヒトカゲ",
    "name": "SALAMÈCHE",
    "percentage_male": 88.1,
    "pokedex_number": 4,
    "sp_attack": 60,
    "sp_defense": 50,
    "speed": 65,
    "type1": "fire",
    "type2": "",
    "weight_kg": 8.5,
    "generation": 1,
    "is_legendary": 0,
    "image" : "cartesalameche.png",
    "carte" : "salamèche.png"

  },
  {
    "abilities": "['Static', 'Lightningrod']",
    "against_bug": 1,
    "against_dark": 1,
    "against_dragon": 1,
    "against_electric": 0.5,
    "against_fairy": 1,
    "against_fight": 1,
    "against_fire": 1,
    "against_flying": 0.5,
    "against_ghost": 1,
    "against_grass": 1,
    "against_ground": 2,
    "against_ice": 1,
    "against_normal": 1,
    "against_poison": 1,
    "against_psychic": 1,
    "against_rock": 1,
    "against_steel": 0.5,
    "against_water": 1,
    "attack": 55,
    "base_egg_steps": 2560,
    "base_happiness": 70,
    "base_total": 320,
    "capture_rate": 190,
    "classfication": "Mouse Pokémon",
    "defense": 40,
    "experience_growth": 1000000,
    "height_m": 0.4,
    "hp": 35,
    "japanese_name": "Pikachuピカチュウ",
    "name": "PIKACHU",
    "percentage_male": 50,
    "pokedex_number": 25,
    "sp_attack": 50,
    "sp_defense": 50,
    "speed": 90,
    "type1": "electric",
    "type2": "",
    "weight_kg": 6,
    "generation": 1,
    "is_legendary": 0,
    "image":"cartepikachu.png",
    "carte" : "pikachu.png"
  },
  {
    "abilities": "['Torrent', 'Sheer Force']",
    "against_bug": 1,
    "against_dark": 1,
    "against_dragon": 1,
    "against_electric": 2,
    "against_fairy": 1,
    "against_fight": 1,
    "against_fire": 0.5,
    "against_flying": 1,
    "against_ghost": 1,
    "against_grass": 2,
    "against_ground": 1,
    "against_ice": 0.5,
    "against_normal": 1,
    "against_poison": 1,
    "against_psychic": 1,
    "against_rock": 1,
    "against_steel": 0.5,
    "against_water": 0.5,
    "attack": 65,
    "base_egg_steps": 5120,
    "base_happiness": 70,
    "base_total": 314,
    "capture_rate": 45,
    "classfication": "Big Jaw Pokémon",
    "defense": 64,
    "experience_growth": 1059860,
    "height_m": 0.6,
    "hp": 50,
    "japanese_name": "Waninokoワニノコ",
    "name": "TOTODILE",
    "percentage_male": 88.1,
    "pokedex_number": 158,
    "sp_attack": 44,
    "sp_defense": 48,
    "speed": 43,
    "type1": "water",
    "type2": "",
    "weight_kg": 9.5,
    "generation": 2,
    "is_legendary": 0,
    "image":"carteTOTODILE.png",
    "carte" : "totodile.png"
  },

  {
    "abilities": "['Overgrow', 'Chlorophyll']",
    "against_bug": 1,
    "against_dark": 1,
    "against_dragon": 1,
    "against_electric": 0.5,
    "against_fairy": 0.5,
    "against_fight": 0.5,
    "against_fire": 2,
    "against_flying": 2,
    "against_ghost": 1,
    "against_grass": 0.25,
    "against_ground": 1,
    "against_ice": 2,
    "against_normal": 1,
    "against_poison": 1,
    "against_psychic": 2,
    "against_rock": 1,
    "against_steel": 1,
    "against_water": 0.5,
    "attack": 49,
    "base_egg_steps": 5120,
    "base_happiness": 70,
    "base_total": 318,
    "capture_rate": 45,
    "classfication": "Seed Pokémon",
    "defense": 49,
    "experience_growth": 1059860,
    "height_m": 0.7,
    "hp": 45,
    "japanese_name": "Fushigidaneフシギダネ",
    "name": "BULBIZARRE",
    "percentage_male": 88.1,
    "pokedex_number": 1,
    "sp_attack": 65,
    "sp_defense": 65,
    "speed": 45,
    "type1": "grass",
    "type2": "poison",
    "weight_kg": 6.9,
    "generation": 1,
    "is_legendary": 0,
    "image":"cartebulbizarre.png",
    "carte" : "bulbizarre.png"
  },
  {
    "abilities": "['Cute Charm', 'Competitive', 'Friend Guard']",
    "against_bug": 0.5,
    "against_dark": 0.5,
    "against_dragon": 0,
    "against_electric": 1,
    "against_fairy": 1,
    "against_fight": 1,
    "against_fire": 1,
    "against_flying": 1,
    "against_ghost": 0,
    "against_grass": 1,
    "against_ground": 1,
    "against_ice": 1,
    "against_normal": 1,
    "against_poison": 2,
    "against_psychic": 1,
    "against_rock": 1,
    "against_steel": 2,
    "against_water": 1,
    "attack": 45,
    "base_egg_steps": 2560,
    "base_happiness": 70,
    "base_total": 270,
    "capture_rate": 170,
    "classfication": "Balloon Pokémon",
    "defense": 20,
    "experience_growth": 800000,
    "height_m": 0.5,
    "hp": 115,
    "japanese_name": "Purinプリン",
    "name": "RONDOUDOU",
    "percentage_male": 24.6,
    "pokedex_number": 39,
    "sp_attack": 45,
    "sp_defense": 25,
    "speed": 20,
    "type1": "normal",
    "type2": "fairy",
    "weight_kg": 5.5,
    "generation": 1,
    "is_legendary": 0,
    "image" : "carterondoudou.png",
    "carte" : "rondoudou.png"
  },
  {
    "abilities": "['Torrent', 'Damp']",
    "against_bug": 1,
    "against_dark": 1,
    "against_dragon": 1,
    "against_electric": 2,
    "against_fairy": 1,
    "against_fight": 1,
    "against_fire": 0.5,
    "against_flying": 1,
    "against_ghost": 1,
    "against_grass": 2,
    "against_ground": 1,
    "against_ice": 0.5,
    "against_normal": 1,
    "against_poison": 1,
    "against_psychic": 1,
    "against_rock": 1,
    "against_steel": 0.5,
    "against_water": 0.5,
    "attack": 70,
    "base_egg_steps": 5120,
    "base_happiness": 70,
    "base_total": 310,
    "capture_rate": 45,
    "classfication": "Mud Fish Pokémon",
    "defense": 50,
    "experience_growth": 1059860,
    "height_m": 0.4,
    "hp": 50,
    "japanese_name": "Mizugorouミズゴロウ",
    "name": "GOBOU",
    "percentage_male": 88.1,
    "pokedex_number": 258,
    "sp_attack": 50,
    "sp_defense": 50,
    "speed": 40,
    "type1": "water",
    "type2": "",
    "weight_kg": 7.6,
    "generation": 3,
    "is_legendary": 0,
    "image":"cartemudkip.png",
    "carte" : "gobou.png"
  },
  {
    "abilities": "['Run Away', 'Adaptability', 'Anticipation']",
    "against_bug": 1,
    "against_dark": 1,
    "against_dragon": 1,
    "against_electric": 1,
    "against_fairy": 1,
    "against_fight": 2,
    "against_fire": 1,
    "against_flying": 1,
    "against_ghost": 0,
    "against_grass": 1,
    "against_ground": 1,
    "against_ice": 1,
    "against_normal": 1,
    "against_poison": 1,
    "against_psychic": 1,
    "against_rock": 1,
    "against_steel": 1,
    "against_water": 1,
    "attack": 55,
    "base_egg_steps": 8960,
    "base_happiness": 70,
    "base_total": 325,
    "capture_rate": 45,
    "classfication": "Evolution Pokémon",
    "defense": 50,
    "experience_growth": 1000000,
    "height_m": 0.3,
    "hp": 55,
    "japanese_name": "Eievuiイーブイ",
    "name": "EVOLI",
    "percentage_male": 88.1,
    "pokedex_number": 133,
    "sp_attack": 45,
    "sp_defense": 65,
    "speed": 55,
    "type1": "normal",
    "type2": "",
    "weight_kg": 6.5,
    "generation": 1,
    "is_legendary": 0,
    "image" : "carteevolie.png",
    "carte" : "evoli.png"
  },
  {
    "abilities": "['Suction Cups', 'Sniper', 'Moody']",
    "against_bug": 1,
    "against_dark": 1,
    "against_dragon": 1,
    "against_electric": 2,
    "against_fairy": 1,
    "against_fight": 1,
    "against_fire": 0.5,
    "against_flying": 1,
    "against_ghost": 1,
    "against_grass": 2,
    "against_ground": 1,
    "against_ice": 0.5,
    "against_normal": 1,
    "against_poison": 1,
    "against_psychic": 1,
    "against_rock": 1,
    "against_steel": 0.5,
    "against_water": 0.5,
    "attack": 105,
    "base_egg_steps": 5120,
    "base_happiness": 70,
    "base_total": 480,
    "capture_rate": 75,
    "classfication": "Jet Pokémon",
    "defense": 75,
    "experience_growth": 1000000,
    "height_m": 0.9,
    "hp": 75,
    "japanese_name": "Okutankオクタン",
    "name": "OCTILLERY",
    "percentage_male": 50,
    "pokedex_number": 224,
    "sp_attack": 105,
    "sp_defense": 75,
    "speed": 45,
    "type1": "water",
    "type2": "",
    "weight_kg": 28.5,
    "generation": 2,
    "is_legendary": 0,
    "image" : "carteoctillery .png",
    "carte" : "octillery.png"
  },
  {
    "abilities": "['Compoundeyes', 'Tinted Lens']",
    "against_bug": 0.5,
    "against_dark": 1,
    "against_dragon": 1,
    "against_electric": 2,
    "against_fairy": 1,
    "against_fight": 0.25,
    "against_fire": 2,
    "against_flying": 2,
    "against_ghost": 1,
    "against_grass": 0.25,
    "against_ground": 0,
    "against_ice": 2,
    "against_normal": 1,
    "against_poison": 1,
    "against_psychic": 1,
    "against_rock": 4,
    "against_steel": 1,
    "against_water": 1,
    "attack": 45,
    "base_egg_steps": 3840,
    "base_happiness": 70,
    "base_total": 395,
    "capture_rate": 45,
    "classfication": "Butterfly Pokémon",
    "defense": 50,
    "experience_growth": 1000000,
    "height_m": 1.1,
    "hp": 60,
    "japanese_name": "Butterfreeバタフリー",
    "name": "PAPILUSION",
    "percentage_male": 50,
    "pokedex_number": 12,
    "sp_attack": 90,
    "sp_defense": 80,
    "speed": 70,
    "type1": "bug",
    "type2": "flying",
    "weight_kg": 32,
    "generation": 1,
    "is_legendary": 0,
    "image":"cartebutterfree.png",
    "carte" : "butterfree.png"
  },

  {
    "abilities": "['Overgrow', 'Unburden']",
    "against_bug": 2,
    "against_dark": 1,
    "against_dragon": 1,
    "against_electric": 0.5,
    "against_fairy": 1,
    "against_fight": 1,
    "against_fire": 2,
    "against_flying": 2,
    "against_ghost": 1,
    "against_grass": 0.5,
    "against_ground": 0.5,
    "against_ice": 2,
    "against_normal": 1,
    "against_poison": 2,
    "against_psychic": 1,
    "against_rock": 1,
    "against_steel": 1,
    "against_water": 0.5,
    "attack": 45,
    "base_egg_steps": 5120,
    "base_happiness": 70,
    "base_total": 310,
    "capture_rate": 45,
    "classfication": "Wood Gecko Pokémon",
    "defense": 35,
    "experience_growth": 1059860,
    "height_m": 0.5,
    "hp": 40,
    "japanese_name": "Kimoriキモリ",
    "name": "ARCKO",
    "percentage_male": 88.1,
    "pokedex_number": 252,
    "sp_attack": 65,
    "sp_defense": 55,
    "speed": 70,
    "type1": "grass",
    "type2": "",
    "weight_kg": 5,
    "generation": 3,
    "is_legendary": 0,
    "image" : "carteTreecko.png",
    "carte" : "arcko.png"
  },
{
    "abilities": "['Pickup', 'Sand Veil']",
    "against_bug": 1,
    "against_dark": 1,
    "against_dragon": 1,
    "against_electric": 0,
    "against_fairy": 1,
    "against_fight": 1,
    "against_fire": 1,
    "against_flying": 1,
    "against_ghost": 1,
    "against_grass": 2,
    "against_ground": 1,
    "against_ice": 2,
    "against_normal": 1,
    "against_poison": 0.5,
    "against_psychic": 1,
    "against_rock": 0.5,
    "against_steel": 1,
    "against_water": 2,
    "attack": 60,
    "base_egg_steps": 5120,
    "base_happiness": 70,
    "base_total": 330,
    "capture_rate": 120,
    "classfication": "Long Nose Pokémon",
    "defense": 60,
    "experience_growth": 1000000,
    "height_m": 0.5,
    "hp": 90,
    "japanese_name": "Gomazouゴマゾウ",
    "name": "PHANPY",
    "percentage_male": 50,
    "pokedex_number": 231,
    "sp_attack": 40,
    "sp_defense": 40,
    "speed": 40,
    "type1": "ground",
    "type2": "",
    "weight_kg": 33.5,
    "generation": 2,
    "is_legendary": 0,
    "image" : "cartephanpy .png",
    "carte" : "phanpy.png"
  },
{
    "abilities": "['Pressure', 'Static']",
    "against_bug": 0.5,
    "against_dark": 1,
    "against_dragon": 1,
    "against_electric": 1,
    "against_fairy": 1,
    "against_fight": 0.5,
    "against_fire": 1,
    "against_flying": 0.5,
    "against_ghost": 1,
    "against_grass": 0.5,
    "against_ground": 0,
    "against_ice": 2,
    "against_normal": 1,
    "against_poison": 1,
    "against_psychic": 1,
    "against_rock": 2,
    "against_steel": 0.5,
    "against_water": 1,
    "attack": 90,
    "base_egg_steps": 20480,
    "base_happiness": 35,
    "base_total": 580,
    "capture_rate": 3,
    "classfication": "Electric Pokémon",
    "defense": 85,
    "experience_growth": 1250000,
    "height_m": 1.6,
    "hp": 90,
    "japanese_name": "Thunderサンダー",
    "name": "ÉLECTHOR",
    "percentage_male": "",
    "pokedex_number": 145,
    "sp_attack": 125,
    "sp_defense": 90,
    "speed": 100,
    "type1": "electric",
    "type2": "flying",
    "weight_kg": 52.6,
    "generation": 1,
    "is_legendary": 1,
    "image" : "carteZapdos.png",
    "carte" : "electhor.png"
  },
  {
    "abilities": "['Water Absorb', 'Hydration']",
    "against_bug": 1,
    "against_dark": 1,
    "against_dragon": 1,
    "against_electric": 2,
    "against_fairy": 1,
    "against_fight": 1,
    "against_fire": 0.5,
    "against_flying": 1,
    "against_ghost": 1,
    "against_grass": 2,
    "against_ground": 1,
    "against_ice": 0.5,
    "against_normal": 1,
    "against_poison": 1,
    "against_psychic": 1,
    "against_rock": 1,
    "against_steel": 0.5,
    "against_water": 0.5,
    "attack": 65,
    "base_egg_steps": 8960,
    "base_happiness": 70,
    "base_total": 525,
    "capture_rate": 45,
    "classfication": "Bubble Jet Pokémon",
    "defense": 60,
    "experience_growth": 1000000,
    "height_m": 1,
    "hp": 130,
    "japanese_name": "Showersシャワーズ",
    "name": "AQUALI",
    "percentage_male": 88.1,
    "pokedex_number": 134,
    "sp_attack": 110,
    "sp_defense": 95,
    "speed": 65,
    "type1": "water",
    "type2": "",
    "weight_kg": 29,
    "generation": 1,
    "is_legendary": 0,
    "image" : "cartevaporeon.png",
    "carte" : "aquali.png"
  },
  {
    "abilities": "['Pressure', 'Flame Body']",
    "against_bug": 0.25,
    "against_dark": 1,
    "against_dragon": 1,
    "against_electric": 2,
    "against_fairy": 0.5,
    "against_fight": 0.5,
    "against_fire": 0.5,
    "against_flying": 1,
    "against_ghost": 1,
    "against_grass": 0.25,
    "against_ground": 0,
    "against_ice": 1,
    "against_normal": 1,
    "against_poison": 1,
    "against_psychic": 1,
    "against_rock": 4,
    "against_steel": 0.5,
    "against_water": 2,
    "attack": 100,
    "base_egg_steps": 20480,
    "base_happiness": 35,
    "base_total": 580,
    "capture_rate": 3,
    "classfication": "Flame Pokémon",
    "defense": 90,
    "experience_growth": 1250000,
    "height_m": 2,
    "hp": 90,
    "japanese_name": "Fireファイヤー",
    "name": "MOLTRES",
    "percentage_male": "",
    "pokedex_number": 146,
    "sp_attack": 125,
    "sp_defense": 85,
    "speed": 90,
    "type1": "fire",
    "type2": "flying",
    "weight_kg": 60,
    "generation": 1,
    "is_legendary": 1,
    "image" : "cartesulfura.png",
    "carte" : "moltres.png"
  },
  {
    "abilities": "['Pressure', 'Unnerve']",
    "against_bug": 2,
    "against_dark": 2,
    "against_dragon": 1,
    "against_electric": 1,
    "against_fairy": 1,
    "against_fight": 0.5,
    "against_fire": 1,
    "against_flying": 1,
    "against_ghost": 2,
    "against_grass": 1,
    "against_ground": 1,
    "against_ice": 1,
    "against_normal": 1,
    "against_poison": 1,
    "against_psychic": 0.5,
    "against_rock": 1,
    "against_steel": 1,
    "against_water": 1,
    "attack": 150,
    "base_egg_steps": 30720,
    "base_happiness": 0,
    "base_total": 780,
    "capture_rate": 3,
    "classfication": "Genetic Pokémon",
    "defense": 70,
    "experience_growth": 1250000,
    "height_m": 2,
    "hp": 106,
    "japanese_name": "Mewtwoミュウツー",
    "name": "MEW",
    "percentage_male": "",
    "pokedex_number": 150,
    "sp_attack": 194,
    "sp_defense": 120,
    "speed": 140,
    "type1": "psychic",
    "type2": "",
    "weight_kg": 122,
    "generation": 1,
    "is_legendary": 1,
    "image" : "cartemew.png",
    "carte" : "mew.png"
  },
  {
    "abilities": "['Overgrow', 'Shell Armor']",
    "against_bug": 2,
    "against_dark": 1,
    "against_dragon": 1,
    "against_electric": 0.5,
    "against_fairy": 1,
    "against_fight": 1,
    "against_fire": 2,
    "against_flying": 2,
    "against_ghost": 1,
    "against_grass": 0.5,
    "against_ground": 0.5,
    "against_ice": 2,
    "against_normal": 1,
    "against_poison": 2,
    "against_psychic": 1,
    "against_rock": 1,
    "against_steel": 1,
    "against_water": 0.5,
    "attack": 68,
    "base_egg_steps": 5120,
    "base_happiness": 70,
    "base_total": 318,
    "capture_rate": 45,
    "classfication": "Tiny Leaf Pokémon",
    "defense": 64,
    "experience_growth": 1059860,
    "height_m": 0.4,
    "hp": 55,
    "japanese_name": "Naetleナエトル",
    "name": "TORTIPOUSS",
    "percentage_male": 88.1,
    "pokedex_number": 387,
    "sp_attack": 45,
    "sp_defense": 55,
    "speed": 31,
    "type1": "grass",
    "type2": "",
    "weight_kg": 10.2,
    "generation": 4,
    "is_legendary": 0,
    "image" : "carteturtwig.png",
    "carte" : "tortipousse.png"
  }
]